datetime,load_mw,month,year
2024-01-01T00:00:00.000-0500,1623.96,1,2024
2024-01-01T01:00:00.000-0500,1559.705,1,2024
2024-01-01T02:00:00.000-0500,1510.504,1,2024
2024-01-01T03:00:00.000-0500,1472.955,1,2024
2024-01-01T04:00:00.000-0500,1458.184,1,2024
2024-01-01T05:00:00.000-0500,1465.898,1,2024
2024-01-01T06:00:00.000-0500,1504.085,1,2024
2024-01-01T07:00:00.000-0500,1557.018,1,2024
2024-01-01T08:00:00.000-0500,1598.8,1,2024
2024-01-01T09:00:00.000-0500,1616.546,1,2024
2024-01-01T10:00:00.000-0500,1616.772,1,2024
2024-01-01T11:00:00.000-0500,1624.866,1,2024
2024-01-01T12:00:00.000-0500,1628.632,1,2024
2024-01-01T13:00:00.000-0500,1561.259,1,2024
2024-01-01T14:00:00.000-0500,1569.23,1,2024
2024-01-01T15:00:00.000-0500,1662.959,1,2024
2024-01-01T16:00:00.000-0500,1810.351,1,2024
2024-01-01T17:00:00.000-0500,1997.57,1,2024
2024-01-01T18:00:00.000-0500,2129.262,1,2024
2024-01-01T19:00:00.000-0500,2110.577,1,2024
2024-01-01T20:00:00.000-0500,2052.811,1,2024
2024-01-01T21:00:00.000-0500,1991.331,1,2024
2024-01-01T22:00:00.000-0500,1901.426,1,2024
2024-01-01T23:00:00.000-0500,1779.371,1,2024
2024-01-02T00:00:00.000-0500,1675.035,1,2024
2024-01-02T01:00:00.000-0500,1609.843,1,2024
2024-01-02T02:00:00.000-0500,1577.117,1,2024
2024-01-02T03:00:00.000-0500,1567.47,1,2024
2024-01-02T04:00:00.000-0500,1582.907,1,2024
2024-01-02T05:00:00.000-0500,1641.792,1,2024
2024-01-02T06:00:00.000-0500,1783.742,1,2024
2024-01-02T07:00:00.000-0500,1994.823,1,2024
2024-01-02T08:00:00.000-0500,2119.329,1,2024
2024-01-02T09:00:00.000-0500,2081.166,1,2024
2024-01-02T10:00:00.000-0500,1958.696,1,2024
2024-01-02T11:00:00.000-0500,1862.355,1,2024
2024-01-02T12:00:00.000-0500,1792.538,1,2024
2024-01-02T13:00:00.000-0500,1768.865,1,2024
2024-01-02T14:00:00.000-0500,1784.112,1,2024
2024-01-02T15:00:00.000-0500,1861.158,1,2024
2024-01-02T16:00:00.000-0500,2004.983,1,2024
2024-01-02T17:00:00.000-0500,2176.332,1,2024
2024-01-02T18:00:00.000-0500,2299.431,1,2024
2024-01-02T19:00:00.000-0500,2281.979,1,2024
2024-01-02T20:00:00.000-0500,2224.343,1,2024
2024-01-02T21:00:00.000-0500,2147.362,1,2024
2024-01-02T22:00:00.000-0500,2029.182,1,2024
2024-01-02T23:00:00.000-0500,1891.992,1,2024
2024-01-03T00:00:00.000-0500,1777.035,1,2024
2024-01-03T01:00:00.000-0500,1695.108,1,2024
2024-01-03T02:00:00.000-0500,1647.376,1,2024
2024-01-03T03:00:00.000-0500,1624.106,1,2024
2024-01-03T04:00:00.000-0500,1630.561,1,2024
2024-01-03T05:00:00.000-0500,1672.498,1,2024
2024-01-03T06:00:00.000-0500,1802.924,1,2024
2024-01-03T07:00:00.000-0500,1999.1,1,2024
2024-01-03T08:00:00.000-0500,2132.994,1,2024
2024-01-03T09:00:00.000-0500,2152.302,1,2024
2024-01-03T10:00:00.000-0500,2063.798,1,2024
2024-01-03T11:00:00.000-0500,2019.911,1,2024
2024-01-03T12:00:00.000-0500,1993.195,1,2024
2024-01-03T13:00:00.000-0500,1998.957,1,2024
2024-01-03T14:00:00.000-0500,2046.491,1,2024
2024-01-03T15:00:00.000-0500,2068.217,1,2024
2024-01-03T16:00:00.000-0500,2101.235,1,2024
2024-01-03T17:00:00.000-0500,2223.351,1,2024
2024-01-03T18:00:00.000-0500,2294.963,1,2024
2024-01-03T19:00:00.000-0500,2260.374,1,2024
2024-01-03T20:00:00.000-0500,2194.099,1,2024
2024-01-03T21:00:00.000-0500,2102.251,1,2024
2024-01-03T22:00:00.000-0500,1986.155,1,2024
2024-01-03T23:00:00.000-0500,1831.184,1,2024
2024-01-04T00:00:00.000-0500,1708.263,1,2024
2024-01-04T01:00:00.000-0500,1636.037,1,2024
2024-01-04T02:00:00.000-0500,1578.823,1,2024
2024-01-04T03:00:00.000-0500,1552.967,1,2024
2024-01-04T04:00:00.000-0500,1555.585,1,2024
2024-01-04T05:00:00.000-0500,1592.568,1,2024
2024-01-04T06:00:00.000-0500,1726.179,1,2024
2024-01-04T07:00:00.000-0500,1919.986,1,2024
2024-01-04T08:00:00.000-0500,2045.36,1,2024
2024-01-04T09:00:00.000-0500,2054.785,1,2024
2024-01-04T10:00:00.000-0500,2033.829,1,2024
2024-01-04T11:00:00.000-0500,1972.885,1,2024
2024-01-04T12:00:00.000-0500,1941.628,1,2024
2024-01-04T13:00:00.000-0500,1906.711,1,2024
2024-01-04T14:00:00.000-0500,1906.381,1,2024
2024-01-04T15:00:00.000-0500,1958.119,1,2024
2024-01-04T16:00:00.000-0500,2032.074,1,2024
2024-01-04T17:00:00.000-0500,2166.06,1,2024
2024-01-04T18:00:00.000-0500,2287.093,1,2024
2024-01-04T19:00:00.000-0500,2287.124,1,2024
2024-01-04T20:00:00.000-0500,2252.851,1,2024
2024-01-04T21:00:00.000-0500,2189.567,1,2024
2024-01-04T22:00:00.000-0500,2096.707,1,2024
2024-01-04T23:00:00.000-0500,1970.24,1,2024
2024-01-05T00:00:00.000-0500,1860.428,1,2024
2024-01-05T01:00:00.000-0500,1789.417,1,2024
2024-01-05T02:00:00.000-0500,1749.873,1,2024
2024-01-05T03:00:00.000-0500,1735.009,1,2024
2024-01-05T04:00:00.000-0500,1744.016,1,2024
2024-01-05T05:00:00.000-0500,1790.664,1,2024
2024-01-05T06:00:00.000-0500,1920.224,1,2024
2024-01-05T07:00:00.000-0500,2114.817,1,2024
2024-01-05T08:00:00.000-0500,2234.421,1,2024
2024-01-05T09:00:00.000-0500,2199.093,1,2024
2024-01-05T10:00:00.000-0500,2094.888,1,2024
2024-01-05T11:00:00.000-0500,2016.835,1,2024
2024-01-05T12:00:00.000-0500,1945.316,1,2024
2024-01-05T13:00:00.000-0500,1945.457,1,2024
2024-01-05T14:00:00.000-0500,1999.99,1,2024
2024-01-05T15:00:00.000-0500,2063.084,1,2024
2024-01-05T16:00:00.000-0500,2140.004,1,2024
2024-01-05T17:00:00.000-0500,2277.082,1,2024
2024-01-05T18:00:00.000-0500,2349.352,1,2024
2024-01-05T19:00:00.000-0500,2307.22,1,2024
2024-01-05T20:00:00.000-0500,2244.879,1,2024
2024-01-05T21:00:00.000-0500,2165.002,1,2024
2024-01-05T22:00:00.000-0500,2076.678,1,2024
2024-01-05T23:00:00.000-0500,1953.348,1,2024
2024-01-06T00:00:00.000-0500,1839.206,1,2024
2024-01-06T01:00:00.000-0500,1758.434,1,2024
2024-01-06T02:00:00.000-0500,1697.943,1,2024
2024-01-06T03:00:00.000-0500,1667.291,1,2024
2024-01-06T04:00:00.000-0500,1651.554,1,2024
2024-01-06T05:00:00.000-0500,1663.782,1,2024
2024-01-06T06:00:00.000-0500,1705.912,1,2024
2024-01-06T07:00:00.000-0500,1773.254,1,2024
2024-01-06T08:00:00.000-0500,1852.65,1,2024
2024-01-06T09:00:00.000-0500,1912.432,1,2024
2024-01-06T10:00:00.000-0500,1936.431,1,2024
2024-01-06T11:00:00.000-0500,1942.67,1,2024
2024-01-06T12:00:00.000-0500,1973.272,1,2024
2024-01-06T13:00:00.000-0500,2010.444,1,2024
2024-01-06T14:00:00.000-0500,1996.525,1,2024
2024-01-06T15:00:00.000-0500,1950.307,1,2024
2024-01-06T16:00:00.000-0500,2035.756,1,2024
2024-01-06T17:00:00.000-0500,2139.643,1,2024
2024-01-06T18:00:00.000-0500,2212.423,1,2024
2024-01-06T19:00:00.000-0500,2171.108,1,2024
2024-01-06T20:00:00.000-0500,2106.836,1,2024
2024-01-06T21:00:00.000-0500,2042.924,1,2024
2024-01-06T22:00:00.000-0500,1953.113,1,2024
2024-01-06T23:00:00.000-0500,1846.117,1,2024
2024-01-07T00:00:00.000-0500,1742.365,1,2024
2024-01-07T01:00:00.000-0500,1672.248,1,2024
2024-01-07T02:00:00.000-0500,1609.312,1,2024
2024-01-07T03:00:00.000-0500,1577.764,1,2024
2024-01-07T04:00:00.000-0500,1563.082,1,2024
2024-01-07T05:00:00.000-0500,1571.588,1,2024
2024-01-07T06:00:00.000-0500,1607.533,1,2024
2024-01-07T07:00:00.000-0500,1659.369,1,2024
2024-01-07T08:00:00.000-0500,1739.374,1,2024
2024-01-07T09:00:00.000-0500,1836.878,1,2024
2024-01-07T10:00:00.000-0500,1943.87,1,2024
2024-01-07T11:00:00.000-0500,2042.904,1,2024
2024-01-07T12:00:00.000-0500,2136.337,1,2024
2024-01-07T13:00:00.000-0500,2195.643,1,2024
2024-01-07T14:00:00.000-0500,2192.951,1,2024
2024-01-07T15:00:00.000-0500,2171.489,1,2024
2024-01-07T16:00:00.000-0500,2159.989,1,2024
2024-01-07T17:00:00.000-0500,2235.985,1,2024
2024-01-07T18:00:00.000-0500,2343.968,1,2024
2024-01-07T19:00:00.000-0500,2319.363,1,2024
2024-01-07T20:00:00.000-0500,2233.752,1,2024
2024-01-07T21:00:00.000-0500,2131.632,1,2024
2024-01-07T22:00:00.000-0500,2012.363,1,2024
2024-01-07T23:00:00.000-0500,1878.804,1,2024
2024-01-08T00:00:00.000-0500,1765.156,1,2024
2024-01-08T01:00:00.000-0500,1681.568,1,2024
2024-01-08T02:00:00.000-0500,1638.993,1,2024
2024-01-08T03:00:00.000-0500,1625.299,1,2024
2024-01-08T04:00:00.000-0500,1635.817,1,2024
2024-01-08T05:00:00.000-0500,1684.101,1,2024
2024-01-08T06:00:00.000-0500,1789.963,1,2024
2024-01-08T07:00:00.000-0500,1968.514,1,2024
2024-01-08T08:00:00.000-0500,2110.955,1,2024
2024-01-08T09:00:00.000-0500,2200.463,1,2024
2024-01-08T10:00:00.000-0500,2208.842,1,2024
2024-01-08T11:00:00.000-0500,2197.499,1,2024
2024-01-08T12:00:00.000-0500,2182.106,1,2024
2024-01-08T13:00:00.000-0500,2151.903,1,2024
2024-01-08T14:00:00.000-0500,2126.006,1,2024
2024-01-08T15:00:00.000-0500,2113.869,1,2024
2024-01-08T16:00:00.000-0500,2131.972,1,2024
2024-01-08T17:00:00.000-0500,2238.996,1,2024
2024-01-08T18:00:00.000-0500,2353.483,1,2024
2024-01-08T19:00:00.000-0500,2342.559,1,2024
2024-01-08T20:00:00.000-0500,2297.432,1,2024
2024-01-08T21:00:00.000-0500,2216.508,1,2024
2024-01-08T22:00:00.000-0500,2110.646,1,2024
2024-01-08T23:00:00.000-0500,1975.741,1,2024
2024-01-09T00:00:00.000-0500,1856.085,1,2024
2024-01-09T01:00:00.000-0500,1782.284,1,2024
2024-01-09T02:00:00.000-0500,1748.083,1,2024
2024-01-09T03:00:00.000-0500,1733.623,1,2024
2024-01-09T04:00:00.000-0500,1748.246,1,2024
2024-01-09T05:00:00.000-0500,1797.225,1,2024
2024-01-09T06:00:00.000-0500,1924.833,1,2024
2024-01-09T07:00:00.000-0500,2122.961,1,2024
2024-01-09T08:00:00.000-0500,2249.214,1,2024
2024-01-09T09:00:00.000-0500,2283.618,1,2024
2024-01-09T10:00:00.000-0500,2293.893,1,2024
2024-01-09T11:00:00.000-0500,2301.425,1,2024
2024-01-09T12:00:00.000-0500,2298.523,1,2024
2024-01-09T13:00:00.000-0500,2285.095,1,2024
2024-01-09T14:00:00.000-0500,2270.218,1,2024
2024-01-09T15:00:00.000-0500,2243.706,1,2024
2024-01-09T16:00:00.000-0500,2267.868,1,2024
2024-01-09T17:00:00.000-0500,2340.875,1,2024
2024-01-09T18:00:00.000-0500,2394.17,1,2024
2024-01-09T19:00:00.000-0500,2361.193,1,2024
2024-01-09T20:00:00.000-0500,2292.965,1,2024
2024-01-09T21:00:00.000-0500,2191.481,1,2024
2024-01-09T22:00:00.000-0500,2055.465,1,2024
2024-01-09T23:00:00.000-0500,1892.27,1,2024
2024-01-10T00:00:00.000-0500,1758.79,1,2024
2024-01-10T01:00:00.000-0500,1664.731,1,2024
2024-01-10T02:00:00.000-0500,1609.869,1,2024
2024-01-10T03:00:00.000-0500,1578.04,1,2024
2024-01-10T04:00:00.000-0500,1562.901,1,2024
2024-01-10T05:00:00.000-0500,1587.86,1,2024
2024-01-10T06:00:00.000-0500,1700.89,1,2024
2024-01-10T07:00:00.000-0500,1878.125,1,2024
2024-01-10T08:00:00.000-0500,1982.436,1,2024
2024-01-10T09:00:00.000-0500,1987.827,1,2024
2024-01-10T10:00:00.000-0500,1933.485,1,2024
2024-01-10T11:00:00.000-0500,1906.77,1,2024
2024-01-10T12:00:00.000-0500,1920.329,1,2024
2024-01-10T13:00:00.000-0500,1953.307,1,2024
2024-01-10T14:00:00.000-0500,1867.702,1,2024
2024-01-10T15:00:00.000-0500,1897.355,1,2024
2024-01-10T16:00:00.000-0500,2002.284,1,2024
2024-01-10T17:00:00.000-0500,2122.191,1,2024
2024-01-10T18:00:00.000-0500,2220.264,1,2024
2024-01-10T19:00:00.000-0500,2193.706,1,2024
2024-01-10T20:00:00.000-0500,2124.684,1,2024
2024-01-10T21:00:00.000-0500,2038.124,1,2024
2024-01-10T22:00:00.000-0500,1925.642,1,2024
2024-01-10T23:00:00.000-0500,1790.17,1,2024
2024-01-11T00:00:00.000-0500,1665.125,1,2024
2024-01-11T01:00:00.000-0500,1606.814,1,2024
2024-01-11T02:00:00.000-0500,1554.89,1,2024
2024-01-11T03:00:00.000-0500,1537.014,1,2024
2024-01-11T04:00:00.000-0500,1534.506,1,2024
2024-01-11T05:00:00.000-0500,1584.001,1,2024
2024-01-11T06:00:00.000-0500,1707.979,1,2024
2024-01-11T07:00:00.000-0500,1911.458,1,2024
2024-01-11T08:00:00.000-0500,2040.632,1,2024
2024-01-11T09:00:00.000-0500,2052.073,1,2024
2024-01-11T10:00:00.000-0500,1979.322,1,2024
2024-01-11T11:00:00.000-0500,1917.58,1,2024
2024-01-11T12:00:00.000-0500,1896.054,1,2024
2024-01-11T13:00:00.000-0500,1981.869,1,2024
2024-01-11T14:00:00.000-0500,2038.436,1,2024
2024-01-11T15:00:00.000-0500,2029.755,1,2024
2024-01-11T16:00:00.000-0500,2050.217,1,2024
2024-01-11T17:00:00.000-0500,2139.566,1,2024
2024-01-11T18:00:00.000-0500,2240.671,1,2024
2024-01-11T19:00:00.000-0500,2217.778,1,2024
2024-01-11T20:00:00.000-0500,2157.269,1,2024
2024-01-11T21:00:00.000-0500,2076.961,1,2024
2024-01-11T22:00:00.000-0500,1970.033,1,2024
2024-01-11T23:00:00.000-0500,1821.142,1,2024
2024-01-12T00:00:00.000-0500,1708.115,1,2024
2024-01-12T01:00:00.000-0500,1636.1,1,2024
2024-01-12T02:00:00.000-0500,1592.957,1,2024
2024-01-12T03:00:00.000-0500,1570.175,1,2024
2024-01-12T04:00:00.000-0500,1567.791,1,2024
2024-01-12T05:00:00.000-0500,1611.672,1,2024
2024-01-12T06:00:00.000-0500,1733.365,1,2024
2024-01-12T07:00:00.000-0500,1933.7,1,2024
2024-01-12T08:00:00.000-0500,2048.479,1,2024
2024-01-12T09:00:00.000-0500,2014.421,1,2024
2024-01-12T10:00:00.000-0500,1874.075,1,2024
2024-01-12T11:00:00.000-0500,1761.273,1,2024
2024-01-12T12:00:00.000-0500,1689.965,1,2024
2024-01-12T13:00:00.000-0500,1661.319,1,2024
2024-01-12T14:00:00.000-0500,1685.487,1,2024
2024-01-12T15:00:00.000-0500,1747.223,1,2024
2024-01-12T16:00:00.000-0500,1867.41,1,2024
2024-01-12T17:00:00.000-0500,2022.682,1,2024
2024-01-12T18:00:00.000-0500,2126.694,1,2024
2024-01-12T19:00:00.000-0500,2104.633,1,2024
2024-01-12T20:00:00.000-0500,2046.51,1,2024
2024-01-12T21:00:00.000-0500,1979.057,1,2024
2024-01-12T22:00:00.000-0500,1898.378,1,2024
2024-01-12T23:00:00.000-0500,1773.643,1,2024
2024-01-13T00:00:00.000-0500,1668.774,1,2024
2024-01-13T01:00:00.000-0500,1591.531,1,2024
2024-01-13T02:00:00.000-0500,1545.854,1,2024
2024-01-13T03:00:00.000-0500,1515.544,1,2024
2024-01-13T04:00:00.000-0500,1503.403,1,2024
2024-01-13T05:00:00.000-0500,1513.561,1,2024
2024-01-13T06:00:00.000-0500,1552.177,1,2024
2024-01-13T07:00:00.000-0500,1616.152,1,2024
2024-01-13T08:00:00.000-0500,1689.808,1,2024
2024-01-13T09:00:00.000-0500,1784.312,1,2024
2024-01-13T10:00:00.000-0500,1867.393,1,2024
2024-01-13T11:00:00.000-0500,1904.056,1,2024
2024-01-13T12:00:00.000-0500,1889.396,1,2024
2024-01-13T13:00:00.000-0500,1800.756,1,2024
2024-01-13T14:00:00.000-0500,1719.932,1,2024
2024-01-13T15:00:00.000-0500,1770.881,1,2024
2024-01-13T16:00:00.000-0500,1817.872,1,2024
2024-01-13T17:00:00.000-0500,1909.57,1,2024
2024-01-13T18:00:00.000-0500,1995.509,1,2024
2024-01-13T19:00:00.000-0500,1975.64,1,2024
2024-01-13T20:00:00.000-0500,1921.19,1,2024
2024-01-13T21:00:00.000-0500,1873.122,1,2024
2024-01-13T22:00:00.000-0500,1802.487,1,2024
2024-01-13T23:00:00.000-0500,1726.476,1,2024
2024-01-14T00:00:00.000-0500,1636.752,1,2024
2024-01-14T01:00:00.000-0500,1575.322,1,2024
2024-01-14T02:00:00.000-0500,1535.646,1,2024
2024-01-14T03:00:00.000-0500,1509.627,1,2024
2024-01-14T04:00:00.000-0500,1501.663,1,2024
2024-01-14T05:00:00.000-0500,1523.024,1,2024
2024-01-14T06:00:00.000-0500,1563.995,1,2024
2024-01-14T07:00:00.000-0500,1640.257,1,2024
2024-01-14T08:00:00.000-0500,1713.173,1,2024
2024-01-14T09:00:00.000-0500,1731.507,1,2024
2024-01-14T10:00:00.000-0500,1681.96,1,2024
2024-01-14T11:00:00.000-0500,1716.247,1,2024
2024-01-14T12:00:00.000-0500,1759.18,1,2024
2024-01-14T13:00:00.000-0500,1866.62,1,2024
2024-01-14T14:00:00.000-0500,1921.139,1,2024
2024-01-14T15:00:00.000-0500,1961.117,1,2024
2024-01-14T16:00:00.000-0500,2016.604,1,2024
2024-01-14T17:00:00.000-0500,2134.247,1,2024
2024-01-14T18:00:00.000-0500,2236.008,1,2024
2024-01-14T19:00:00.000-0500,2222.802,1,2024
2024-01-14T20:00:00.000-0500,2164.029,1,2024
2024-01-14T21:00:00.000-0500,2101.815,1,2024
2024-01-14T22:00:00.000-0500,2022.445,1,2024
2024-01-14T23:00:00.000-0500,1912.745,1,2024
2024-01-15T00:00:00.000-0500,1824.116,1,2024
2024-01-15T01:00:00.000-0500,1751.348,1,2024
2024-01-15T02:00:00.000-0500,1716.696,1,2024
2024-01-15T03:00:00.000-0500,1700.783,1,2024
2024-01-15T04:00:00.000-0500,1703.757,1,2024
2024-01-15T05:00:00.000-0500,1748.458,1,2024
2024-01-15T06:00:00.000-0500,1867.646,1,2024
2024-01-15T07:00:00.000-0500,2006.556,1,2024
2024-01-15T08:00:00.000-0500,2126.23,1,2024
2024-01-15T09:00:00.000-0500,2155.07,1,2024
2024-01-15T10:00:00.000-0500,2096.294,1,2024
2024-01-15T11:00:00.000-0500,2021.073,1,2024
2024-01-15T12:00:00.000-0500,1950.462,1,2024
2024-01-15T13:00:00.000-0500,1911.593,1,2024
2024-01-15T14:00:00.000-0500,1948.283,1,2024
2024-01-15T15:00:00.000-0500,2029.539,1,2024
2024-01-15T16:00:00.000-0500,2196.654,1,2024
2024-01-15T17:00:00.000-0500,2335.735,1,2024
2024-01-15T18:00:00.000-0500,2427.497,1,2024
2024-01-15T19:00:00.000-0500,2399.782,1,2024
2024-01-15T20:00:00.000-0500,2341.576,1,2024
2024-01-15T21:00:00.000-0500,2262.11,1,2024
2024-01-15T22:00:00.000-0500,2147.643,1,2024
2024-01-15T23:00:00.000-0500,1996.489,1,2024
2024-01-16T00:00:00.000-0500,1865.078,1,2024
2024-01-16T01:00:00.000-0500,1784.214,1,2024
2024-01-16T02:00:00.000-0500,1730.317,1,2024
2024-01-16T03:00:00.000-0500,1710.746,1,2024
2024-01-16T04:00:00.000-0500,1715.696,1,2024
2024-01-16T05:00:00.000-0500,1762.167,1,2024
2024-01-16T06:00:00.000-0500,1875.304,1,2024
2024-01-16T07:00:00.000-0500,2060.25,1,2024
2024-01-16T08:00:00.000-0500,2194.518,1,2024
2024-01-16T09:00:00.000-0500,2276.883,1,2024
2024-01-16T10:00:00.000-0500,2325.473,1,2024
2024-01-16T11:00:00.000-0500,2370.473,1,2024
2024-01-16T12:00:00.000-0500,2401.88,1,2024
2024-01-16T13:00:00.000-0500,2413.813,1,2024
2024-01-16T14:00:00.000-0500,2400.372,1,2024
2024-01-16T15:00:00.000-0500,2370.404,1,2024
2024-01-16T16:00:00.000-0500,2355.146,1,2024
2024-01-16T17:00:00.000-0500,2419.296,1,2024
2024-01-16T18:00:00.000-0500,2483.889,1,2024
2024-01-16T19:00:00.000-0500,2447.895,1,2024
2024-01-16T20:00:00.000-0500,2378.055,1,2024
2024-01-16T21:00:00.000-0500,2289.198,1,2024
2024-01-16T22:00:00.000-0500,2169.7,1,2024
2024-01-16T23:00:00.000-0500,2035.432,1,2024
2024-01-17T00:00:00.000-0500,1916.47,1,2024
2024-01-17T01:00:00.000-0500,1855.872,1,2024
2024-01-17T02:00:00.000-0500,1808.16,1,2024
2024-01-17T03:00:00.000-0500,1795.554,1,2024
2024-01-17T04:00:00.000-0500,1803.364,1,2024
2024-01-17T05:00:00.000-0500,1846.283,1,2024
2024-01-17T06:00:00.000-0500,1993.862,1,2024
2024-01-17T07:00:00.000-0500,2195.439,1,2024
2024-01-17T08:00:00.000-0500,2333.297,1,2024
2024-01-17T09:00:00.000-0500,2366.337,1,2024
2024-01-17T10:00:00.000-0500,2357.612,1,2024
2024-01-17T11:00:00.000-0500,2346.705,1,2024
2024-01-17T12:00:00.000-0500,2318.742,1,2024
2024-01-17T13:00:00.000-0500,2281.767,1,2024
2024-01-17T14:00:00.000-0500,2263.339,1,2024
2024-01-17T15:00:00.000-0500,2257.088,1,2024
2024-01-17T16:00:00.000-0500,2293.455,1,2024
2024-01-17T17:00:00.000-0500,2391.121,1,2024
2024-01-17T18:00:00.000-0500,2507.106,1,2024
2024-01-17T19:00:00.000-0500,2504.465,1,2024
2024-01-17T20:00:00.000-0500,2463.396,1,2024
2024-01-17T21:00:00.000-0500,2394.627,1,2024
2024-01-17T22:00:00.000-0500,2289.345,1,2024
2024-01-17T23:00:00.000-0500,2148.415,1,2024
2024-01-18T00:00:00.000-0500,2026.719,1,2024
2024-01-18T01:00:00.000-0500,1961.057,1,2024
2024-01-18T02:00:00.000-0500,1920.753,1,2024
2024-01-18T03:00:00.000-0500,1903.77,1,2024
2024-01-18T04:00:00.000-0500,1899.365,1,2024
2024-01-18T05:00:00.000-0500,1952.963,1,2024
2024-01-18T06:00:00.000-0500,2078.947,1,2024
2024-01-18T07:00:00.000-0500,2291.317,1,2024
2024-01-18T08:00:00.000-0500,2410.725,1,2024
2024-01-18T09:00:00.000-0500,2431.269,1,2024
2024-01-18T10:00:00.000-0500,2433.815,1,2024
2024-01-18T11:00:00.000-0500,2435.435,1,2024
2024-01-18T12:00:00.000-0500,2423.966,1,2024
2024-01-18T13:00:00.000-0500,2394.187,1,2024
2024-01-18T14:00:00.000-0500,2367.296,1,2024
2024-01-18T15:00:00.000-0500,2350.426,1,2024
2024-01-18T16:00:00.000-0500,2349.752,1,2024
2024-01-18T17:00:00.000-0500,2418.523,1,2024
2024-01-18T18:00:00.000-0500,2491.614,1,2024
2024-01-18T19:00:00.000-0500,2466.242,1,2024
2024-01-18T20:00:00.000-0500,2424.606,1,2024
2024-01-18T21:00:00.000-0500,2344.709,1,2024
2024-01-18T22:00:00.000-0500,2220.049,1,2024
2024-01-18T23:00:00.000-0500,2082.916,1,2024
2024-01-19T00:00:00.000-0500,1965.81,1,2024
2024-01-19T01:00:00.000-0500,1883.071,1,2024
2024-01-19T02:00:00.000-0500,1845.596,1,2024
2024-01-19T03:00:00.000-0500,1827.53,1,2024
2024-01-19T04:00:00.000-0500,1831.609,1,2024
2024-01-19T05:00:00.000-0500,1875.558,1,2024
2024-01-19T06:00:00.000-0500,1995.685,1,2024
2024-01-19T07:00:00.000-0500,2183.665,1,2024
2024-01-19T08:00:00.000-0500,2315.883,1,2024
2024-01-19T09:00:00.000-0500,2357.621,1,2024
2024-01-19T10:00:00.000-0500,2379.457,1,2024
2024-01-19T11:00:00.000-0500,2392.114,1,2024
2024-01-19T12:00:00.000-0500,2373.109,1,2024
2024-01-19T13:00:00.000-0500,2349.461,1,2024
2024-01-19T14:00:00.000-0500,2342.773,1,2024
2024-01-19T15:00:00.000-0500,2325.994,1,2024
2024-01-19T16:00:00.000-0500,2328.463,1,2024
2024-01-19T17:00:00.000-0500,2379.125,1,2024
2024-01-19T18:00:00.000-0500,2438.351,1,2024
2024-01-19T19:00:00.000-0500,2414.035,1,2024
2024-01-19T20:00:00.000-0500,2367.37,1,2024
2024-01-19T21:00:00.000-0500,2299.875,1,2024
2024-01-19T22:00:00.000-0500,2213.102,1,2024
2024-01-19T23:00:00.000-0500,2104.856,1,2024
2024-01-20T00:00:00.000-0500,1999.742,1,2024
2024-01-20T01:00:00.000-0500,1944.348,1,2024
2024-01-20T02:00:00.000-0500,1892.722,1,2024
2024-01-20T03:00:00.000-0500,1871.813,1,2024
2024-01-20T04:00:00.000-0500,1872.102,1,2024
2024-01-20T05:00:00.000-0500,1889.44,1,2024
2024-01-20T06:00:00.000-0500,1949.932,1,2024
2024-01-20T07:00:00.000-0500,2043.1,1,2024
2024-01-20T08:00:00.000-0500,2139.16,1,2024
2024-01-20T09:00:00.000-0500,2245.757,1,2024
2024-01-20T10:00:00.000-0500,2321.45,1,2024
2024-01-20T11:00:00.000-0500,2344.679,1,2024
2024-01-20T12:00:00.000-0500,2344.5,1,2024
2024-01-20T13:00:00.000-0500,2334.359,1,2024
2024-01-20T14:00:00.000-0500,2327.271,1,2024
2024-01-20T15:00:00.000-0500,2336.151,1,2024
2024-01-20T16:00:00.000-0500,2365.36,1,2024
2024-01-20T17:00:00.000-0500,2422.942,1,2024
2024-01-20T18:00:00.000-0500,2478.038,1,2024
2024-01-20T19:00:00.000-0500,2465.192,1,2024
2024-01-20T20:00:00.000-0500,2415.554,1,2024
2024-01-20T21:00:00.000-0500,2357.647,1,2024
2024-01-20T22:00:00.000-0500,2274.168,1,2024
2024-01-20T23:00:00.000-0500,2167.808,1,2024
2024-01-21T00:00:00.000-0500,2069.083,1,2024
2024-01-21T01:00:00.000-0500,1992.618,1,2024
2024-01-21T02:00:00.000-0500,1943.099,1,2024
2024-01-21T03:00:00.000-0500,1921.282,1,2024
2024-01-21T04:00:00.000-0500,1912.613,1,2024
2024-01-21T05:00:00.000-0500,1917.676,1,2024
2024-01-21T06:00:00.000-0500,1958.814,1,2024
2024-01-21T07:00:00.000-0500,2025.64,1,2024
2024-01-21T08:00:00.000-0500,2105.991,1,2024
2024-01-21T09:00:00.000-0500,2188.649,1,2024
2024-01-21T10:00:00.000-0500,2228.867,1,2024
2024-01-21T11:00:00.000-0500,2234.374,1,2024
2024-01-21T12:00:00.000-0500,2228.293,1,2024
2024-01-21T13:00:00.000-0500,2203.546,1,2024
2024-01-21T14:00:00.000-0500,2173.93,1,2024
2024-01-21T15:00:00.000-0500,2179.381,1,2024
2024-01-21T16:00:00.000-0500,2226.869,1,2024
2024-01-21T17:00:00.000-0500,2343.749,1,2024
2024-01-21T18:00:00.000-0500,2462.042,1,2024
2024-01-21T19:00:00.000-0500,2454.71,1,2024
2024-01-21T20:00:00.000-0500,2399.565,1,2024
2024-01-21T21:00:00.000-0500,2332.456,1,2024
2024-01-21T22:00:00.000-0500,2221.301,1,2024
2024-01-21T23:00:00.000-0500,2093.644,1,2024
2024-01-22T00:00:00.000-0500,1978.502,1,2024
2024-01-22T01:00:00.000-0500,1918.45,1,2024
2024-01-22T02:00:00.000-0500,1873.764,1,2024
2024-01-22T03:00:00.000-0500,1867.329,1,2024
2024-01-22T04:00:00.000-0500,1878.769,1,2024
2024-01-22T05:00:00.000-0500,1923.427,1,2024
2024-01-22T06:00:00.000-0500,2065.54,1,2024
2024-01-22T07:00:00.000-0500,2280.188,1,2024
2024-01-22T08:00:00.000-0500,2413.453,1,2024
2024-01-22T09:00:00.000-0500,2410.758,1,2024
2024-01-22T10:00:00.000-0500,2370.106,1,2024
2024-01-22T11:00:00.000-0500,2292.398,1,2024
2024-01-22T12:00:00.000-0500,2221.436,1,2024
2024-01-22T13:00:00.000-0500,2160.498,1,2024
2024-01-22T14:00:00.000-0500,2133.387,1,2024
2024-01-22T15:00:00.000-0500,2180.924,1,2024
2024-01-22T16:00:00.000-0500,2260.093,1,2024
2024-01-22T17:00:00.000-0500,2346.229,1,2024
2024-01-22T18:00:00.000-0500,2452.003,1,2024
2024-01-22T19:00:00.000-0500,2417.402,1,2024
2024-01-22T20:00:00.000-0500,2331.971,1,2024
2024-01-22T21:00:00.000-0500,2247.428,1,2024
2024-01-22T22:00:00.000-0500,2120.122,1,2024
2024-01-22T23:00:00.000-0500,1959.194,1,2024
2024-01-23T00:00:00.000-0500,1834.054,1,2024
2024-01-23T01:00:00.000-0500,1757.659,1,2024
2024-01-23T02:00:00.000-0500,1697.702,1,2024
2024-01-23T03:00:00.000-0500,1675.188,1,2024
2024-01-23T04:00:00.000-0500,1675.15,1,2024
2024-01-23T05:00:00.000-0500,1725.44,1,2024
2024-01-23T06:00:00.000-0500,1846.496,1,2024
2024-01-23T07:00:00.000-0500,2044.48,1,2024
2024-01-23T08:00:00.000-0500,2164.024,1,2024
2024-01-23T09:00:00.000-0500,2186.961,1,2024
2024-01-23T10:00:00.000-0500,2181.932,1,2024
2024-01-23T11:00:00.000-0500,2193.816,1,2024
2024-01-23T12:00:00.000-0500,2185.273,1,2024
2024-01-23T13:00:00.000-0500,2165.327,1,2024
2024-01-23T14:00:00.000-0500,2167.036,1,2024
2024-01-23T15:00:00.000-0500,2146.515,1,2024
2024-01-23T16:00:00.000-0500,2172.945,1,2024
2024-01-23T17:00:00.000-0500,2254.421,1,2024
2024-01-23T18:00:00.000-0500,2354.256,1,2024
2024-01-23T19:00:00.000-0500,2332.211,1,2024
2024-01-23T20:00:00.000-0500,2262.107,1,2024
2024-01-23T21:00:00.000-0500,2168.561,1,2024
2024-01-23T22:00:00.000-0500,2058.775,1,2024
2024-01-23T23:00:00.000-0500,1916.402,1,2024
2024-01-24T00:00:00.000-0500,1783.978,1,2024
2024-01-24T01:00:00.000-0500,1720.858,1,2024
2024-01-24T02:00:00.000-0500,1666.484,1,2024
2024-01-24T03:00:00.000-0500,1645.966,1,2024
2024-01-24T04:00:00.000-0500,1646.251,1,2024
2024-01-24T05:00:00.000-0500,1693.533,1,2024
2024-01-24T06:00:00.000-0500,1808.871,1,2024
2024-01-24T07:00:00.000-0500,1984.803,1,2024
2024-01-24T08:00:00.000-0500,2125.686,1,2024
2024-01-24T09:00:00.000-0500,2194.852,1,2024
2024-01-24T10:00:00.000-0500,2227.572,1,2024
2024-01-24T11:00:00.000-0500,2246.203,1,2024
2024-01-24T12:00:00.000-0500,2256.508,1,2024
2024-01-24T13:00:00.000-0500,2257.125,1,2024
2024-01-24T14:00:00.000-0500,2243.651,1,2024
2024-01-24T15:00:00.000-0500,2230.807,1,2024
2024-01-24T16:00:00.000-0500,2228.848,1,2024
2024-01-24T17:00:00.000-0500,2294.166,1,2024
2024-01-24T18:00:00.000-0500,2357.196,1,2024
2024-01-24T19:00:00.000-0500,2316.862,1,2024
2024-01-24T20:00:00.000-0500,2236.902,1,2024
2024-01-24T21:00:00.000-0500,2167.582,1,2024
2024-01-24T22:00:00.000-0500,2041.144,1,2024
2024-01-24T23:00:00.000-0500,1895.785,1,2024
2024-01-25T00:00:00.000-0500,1778.46,1,2024
2024-01-25T01:00:00.000-0500,1685.23,1,2024
2024-01-25T02:00:00.000-0500,1626.138,1,2024
2024-01-25T03:00:00.000-0500,1590.375,1,2024
2024-01-25T04:00:00.000-0500,1584.996,1,2024
2024-01-25T05:00:00.000-0500,1606.099,1,2024
2024-01-25T06:00:00.000-0500,1732.393,1,2024
2024-01-25T07:00:00.000-0500,1914.301,1,2024
2024-01-25T08:00:00.000-0500,2032.342,1,2024
2024-01-25T09:00:00.000-0500,2053.908,1,2024
2024-01-25T10:00:00.000-0500,2044.184,1,2024
2024-01-25T11:00:00.000-0500,2020.374,1,2024
2024-01-25T12:00:00.000-0500,1948.903,1,2024
2024-01-25T13:00:00.000-0500,1883.053,1,2024
2024-01-25T14:00:00.000-0500,1901.391,1,2024
2024-01-25T15:00:00.000-0500,1916.708,1,2024
2024-01-25T16:00:00.000-0500,1970.603,1,2024
2024-01-25T17:00:00.000-0500,2072.187,1,2024
2024-01-25T18:00:00.000-0500,2176.112,1,2024
2024-01-25T19:00:00.000-0500,2159.148,1,2024
2024-01-25T20:00:00.000-0500,2093.085,1,2024
2024-01-25T21:00:00.000-0500,2013.412,1,2024
2024-01-25T22:00:00.000-0500,1907.79,1,2024
2024-01-25T23:00:00.000-0500,1777.049,1,2024
2024-01-26T00:00:00.000-0500,1663.059,1,2024
2024-01-26T01:00:00.000-0500,1591.967,1,2024
2024-01-26T02:00:00.000-0500,1534.517,1,2024
2024-01-26T03:00:00.000-0500,1513.763,1,2024
2024-01-26T04:00:00.000-0500,1517.32,1,2024
2024-01-26T05:00:00.000-0500,1569.704,1,2024
2024-01-26T06:00:00.000-0500,1683.333,1,2024
2024-01-26T07:00:00.000-0500,1883.131,1,2024
2024-01-26T08:00:00.000-0500,2014.844,1,2024
2024-01-26T09:00:00.000-0500,2065.352,1,2024
2024-01-26T10:00:00.000-0500,2093.003,1,2024
2024-01-26T11:00:00.000-0500,2100.415,1,2024
2024-01-26T12:00:00.000-0500,2097.55,1,2024
2024-01-26T13:00:00.000-0500,2095.859,1,2024
2024-01-26T14:00:00.000-0500,2102.57,1,2024
2024-01-26T15:00:00.000-0500,2089.777,1,2024
2024-01-26T16:00:00.000-0500,2095.801,1,2024
2024-01-26T17:00:00.000-0500,2151.496,1,2024
2024-01-26T18:00:00.000-0500,2207.421,1,2024
2024-01-26T19:00:00.000-0500,2163.213,1,2024
2024-01-26T20:00:00.000-0500,2087.317,1,2024
2024-01-26T21:00:00.000-0500,2023.636,1,2024
2024-01-26T22:00:00.000-0500,1929.99,1,2024
2024-01-26T23:00:00.000-0500,1815.793,1,2024
2024-01-27T00:00:00.000-0500,1712.442,1,2024
2024-01-27T01:00:00.000-0500,1626.892,1,2024
2024-01-27T02:00:00.000-0500,1578.524,1,2024
2024-01-27T03:00:00.000-0500,1541.054,1,2024
2024-01-27T04:00:00.000-0500,1526.195,1,2024
2024-01-27T05:00:00.000-0500,1542.729,1,2024
2024-01-27T06:00:00.000-0500,1589.603,1,2024
2024-01-27T07:00:00.000-0500,1662.716,1,2024
2024-01-27T08:00:00.000-0500,1744.525,1,2024
2024-01-27T09:00:00.000-0500,1807.923,1,2024
2024-01-27T10:00:00.000-0500,1837.338,1,2024
2024-01-27T11:00:00.000-0500,1858.773,1,2024
2024-01-27T12:00:00.000-0500,1872.544,1,2024
2024-01-27T13:00:00.000-0500,1861.318,1,2024
2024-01-27T14:00:00.000-0500,1856.269,1,2024
2024-01-27T15:00:00.000-0500,1850.454,1,2024
2024-01-27T16:00:00.000-0500,1900.535,1,2024
2024-01-27T17:00:00.000-0500,1990.728,1,2024
2024-01-27T18:00:00.000-0500,2059.771,1,2024
2024-01-27T19:00:00.000-0500,2027.894,1,2024
2024-01-27T20:00:00.000-0500,1971.191,1,2024
2024-01-27T21:00:00.000-0500,1909.921,1,2024
2024-01-27T22:00:00.000-0500,1834.481,1,2024
2024-01-27T23:00:00.000-0500,1736.805,1,2024
2024-01-28T00:00:00.000-0500,1649.559,1,2024
2024-01-28T01:00:00.000-0500,1574.115,1,2024
2024-01-28T02:00:00.000-0500,1525.117,1,2024
2024-01-28T03:00:00.000-0500,1495.206,1,2024
2024-01-28T04:00:00.000-0500,1483.203,1,2024
2024-01-28T05:00:00.000-0500,1491.233,1,2024
2024-01-28T06:00:00.000-0500,1525.302,1,2024
2024-01-28T07:00:00.000-0500,1583.776,1,2024
2024-01-28T08:00:00.000-0500,1656.349,1,2024
2024-01-28T09:00:00.000-0500,1759.027,1,2024
2024-01-28T10:00:00.000-0500,1874.212,1,2024
2024-01-28T11:00:00.000-0500,1971.44,1,2024
2024-01-28T12:00:00.000-0500,2025.707,1,2024
2024-01-28T13:00:00.000-0500,2057.513,1,2024
2024-01-28T14:00:00.000-0500,2068.512,1,2024
2024-01-28T15:00:00.000-0500,2076.068,1,2024
2024-01-28T16:00:00.000-0500,2091.556,1,2024
2024-01-28T17:00:00.000-0500,2150.668,1,2024
2024-01-28T18:00:00.000-0500,2222.467,1,2024
2024-01-28T19:00:00.000-0500,2195.602,1,2024
2024-01-28T20:00:00.000-0500,2120.656,1,2024
2024-01-28T21:00:00.000-0500,2043.85,1,2024
2024-01-28T22:00:00.000-0500,1930.575,1,2024
2024-01-28T23:00:00.000-0500,1805.196,1,2024
2024-01-29T00:00:00.000-0500,1694.454,1,2024
2024-01-29T01:00:00.000-0500,1628.098,1,2024
2024-01-29T02:00:00.000-0500,1573.377,1,2024
2024-01-29T03:00:00.000-0500,1555.901,1,2024
2024-01-29T04:00:00.000-0500,1555.299,1,2024
2024-01-29T05:00:00.000-0500,1609.463,1,2024
2024-01-29T06:00:00.000-0500,1734.469,1,2024
2024-01-29T07:00:00.000-0500,1901.457,1,2024
2024-01-29T08:00:00.000-0500,2037.476,1,2024
2024-01-29T09:00:00.000-0500,2132.953,1,2024
2024-01-29T10:00:00.000-0500,2174.976,1,2024
2024-01-29T11:00:00.000-0500,2197.267,1,2024
2024-01-29T12:00:00.000-0500,2217.567,1,2024
2024-01-29T13:00:00.000-0500,2226.209,1,2024
2024-01-29T14:00:00.000-0500,2216.096,1,2024
2024-01-29T15:00:00.000-0500,2204.037,1,2024
2024-01-29T16:00:00.000-0500,2212.061,1,2024
2024-01-29T17:00:00.000-0500,2279.699,1,2024
2024-01-29T18:00:00.000-0500,2374.87,1,2024
2024-01-29T19:00:00.000-0500,2349.518,1,2024
2024-01-29T20:00:00.000-0500,2263.502,1,2024
2024-01-29T21:00:00.000-0500,2175.629,1,2024
2024-01-29T22:00:00.000-0500,2057.733,1,2024
2024-01-29T23:00:00.000-0500,1915.368,1,2024
2024-01-30T00:00:00.000-0500,1786.119,1,2024
2024-01-30T01:00:00.000-0500,1717.839,1,2024
2024-01-30T02:00:00.000-0500,1659.421,1,2024
2024-01-30T03:00:00.000-0500,1642.051,1,2024
2024-01-30T04:00:00.000-0500,1639.542,1,2024
2024-01-30T05:00:00.000-0500,1685.353,1,2024
2024-01-30T06:00:00.000-0500,1817.339,1,2024
2024-01-30T07:00:00.000-0500,2015.341,1,2024
2024-01-30T08:00:00.000-0500,2144.756,1,2024
2024-01-30T09:00:00.000-0500,2191.844,1,2024
2024-01-30T10:00:00.000-0500,2231.73,1,2024
2024-01-30T11:00:00.000-0500,2255.438,1,2024
2024-01-30T12:00:00.000-0500,2262.03,1,2024
2024-01-30T13:00:00.000-0500,2260.946,1,2024
2024-01-30T14:00:00.000-0500,2256.377,1,2024
2024-01-30T15:00:00.000-0500,2247.682,1,2024
2024-01-30T16:00:00.000-0500,2264.916,1,2024
2024-01-30T17:00:00.000-0500,2320.812,1,2024
2024-01-30T18:00:00.000-0500,2418.962,1,2024
2024-01-30T19:00:00.000-0500,2401.672,1,2024
2024-01-30T20:00:00.000-0500,2330.421,1,2024
2024-01-30T21:00:00.000-0500,2240.241,1,2024
2024-01-30T22:00:00.000-0500,2120.683,1,2024
2024-01-30T23:00:00.000-0500,1971.562,1,2024
2024-01-31T00:00:00.000-0500,1850.36,1,2024
2024-01-31T01:00:00.000-0500,1774.952,1,2024
2024-01-31T02:00:00.000-0500,1725.235,1,2024
2024-01-31T03:00:00.000-0500,1698.073,1,2024
2024-01-31T04:00:00.000-0500,1702.55,1,2024
2024-01-31T05:00:00.000-0500,1747.502,1,2024
2024-01-31T06:00:00.000-0500,1879.972,1,2024
2024-01-31T07:00:00.000-0500,2071.618,1,2024
2024-01-31T08:00:00.000-0500,2199.027,1,2024
2024-01-31T09:00:00.000-0500,2246.714,1,2024
2024-01-31T10:00:00.000-0500,2257.455,1,2024
2024-01-31T11:00:00.000-0500,2272.546,1,2024
2024-01-31T12:00:00.000-0500,2251.146,1,2024
2024-01-31T13:00:00.000-0500,2236.561,1,2024
2024-01-31T14:00:00.000-0500,2231.096,1,2024
2024-01-31T15:00:00.000-0500,2208.538,1,2024
2024-01-31T16:00:00.000-0500,2228.002,1,2024
2024-01-31T17:00:00.000-0500,2279.22,1,2024
2024-01-31T18:00:00.000-0500,2374.261,1,2024
2024-01-31T19:00:00.000-0500,2352.227,1,2024
2024-01-31T20:00:00.000-0500,2267.475,1,2024
2024-01-31T21:00:00.000-0500,2182.58,1,2024
2024-01-31T22:00:00.000-0500,2063.761,1,2024
2024-01-31T23:00:00.000-0500,1913.957,1,2024
2024-02-01T00:00:00.000-0500,1781.703,2,2024
2024-02-01T01:00:00.000-0500,1712.591,2,2024
2024-02-01T02:00:00.000-0500,1651.908,2,2024
2024-02-01T03:00:00.000-0500,1624.531,2,2024
2024-02-01T04:00:00.000-0500,1627.738,2,2024
2024-02-01T05:00:00.000-0500,1676.294,2,2024
2024-02-01T06:00:00.000-0500,1794.996,2,2024
2024-02-01T07:00:00.000-0500,1990.225,2,2024
2024-02-01T08:00:00.000-0500,2112.359,2,2024
2024-02-01T09:00:00.000-0500,2140.44,2,2024
2024-02-01T10:00:00.000-0500,2119.974,2,2024
2024-02-01T11:00:00.000-0500,2122.672,2,2024
2024-02-01T12:00:00.000-0500,2130.167,2,2024
2024-02-01T13:00:00.000-0500,2143.911,2,2024
2024-02-01T14:00:00.000-0500,2146.929,2,2024
2024-02-01T15:00:00.000-0500,2135.563,2,2024
2024-02-01T16:00:00.000-0500,2145.873,2,2024
2024-02-01T17:00:00.000-0500,2190.466,2,2024
2024-02-01T18:00:00.000-0500,2276.398,2,2024
2024-02-01T19:00:00.000-0500,2253.491,2,2024
2024-02-01T20:00:00.000-0500,2195.422,2,2024
2024-02-01T21:00:00.000-0500,2101.728,2,2024
2024-02-01T22:00:00.000-0500,1994.908,2,2024
2024-02-01T23:00:00.000-0500,1859.648,2,2024
2024-02-02T00:00:00.000-0500,1744.857,2,2024
2024-02-02T01:00:00.000-0500,1650.543,2,2024
2024-02-02T02:00:00.000-0500,1597.817,2,2024
2024-02-02T03:00:00.000-0500,1570.629,2,2024
2024-02-02T04:00:00.000-0500,1570.007,2,2024
2024-02-02T05:00:00.000-0500,1615.129,2,2024
2024-02-02T06:00:00.000-0500,1725.484,2,2024
2024-02-02T07:00:00.000-0500,1923.309,2,2024
2024-02-02T08:00:00.000-0500,2055.282,2,2024
2024-02-02T09:00:00.000-0500,2096.879,2,2024
2024-02-02T10:00:00.000-0500,2110.07,2,2024
2024-02-02T11:00:00.000-0500,2102.334,2,2024
2024-02-02T12:00:00.000-0500,2077.759,2,2024
2024-02-02T13:00:00.000-0500,2051.234,2,2024
2024-02-02T14:00:00.000-0500,2017.296,2,2024
2024-02-02T15:00:00.000-0500,2001.89,2,2024
2024-02-02T16:00:00.000-0500,2028.316,2,2024
2024-02-02T17:00:00.000-0500,2100.361,2,2024
2024-02-02T18:00:00.000-0500,2181.049,2,2024
2024-02-02T19:00:00.000-0500,2162.122,2,2024
2024-02-02T20:00:00.000-0500,2093.069,2,2024
2024-02-02T21:00:00.000-0500,2042.724,2,2024
2024-02-02T22:00:00.000-0500,1957.709,2,2024
2024-02-02T23:00:00.000-0500,1844.074,2,2024
2024-02-03T00:00:00.000-0500,1738.108,2,2024
2024-02-03T01:00:00.000-0500,1656.967,2,2024
2024-02-03T02:00:00.000-0500,1617.541,2,2024
2024-02-03T03:00:00.000-0500,1583.272,2,2024
2024-02-03T04:00:00.000-0500,1580.146,2,2024
2024-02-03T05:00:00.000-0500,1601.716,2,2024
2024-02-03T06:00:00.000-0500,1646.314,2,2024
2024-02-03T07:00:00.000-0500,1747.467,2,2024
2024-02-03T08:00:00.000-0500,1814.558,2,2024
2024-02-03T09:00:00.000-0500,1828.112,2,2024
2024-02-03T10:00:00.000-0500,1772.917,2,2024
2024-02-03T11:00:00.000-0500,1704.24,2,2024
2024-02-03T12:00:00.000-0500,1651.942,2,2024
2024-02-03T13:00:00.000-0500,1615.724,2,2024
2024-02-03T14:00:00.000-0500,1616.333,2,2024
2024-02-03T15:00:00.000-0500,1665.17,2,2024
2024-02-03T16:00:00.000-0500,1788.922,2,2024
2024-02-03T17:00:00.000-0500,1957.942,2,2024
2024-02-03T18:00:00.000-0500,2088.04,2,2024
2024-02-03T19:00:00.000-0500,2096.958,2,2024
2024-02-03T20:00:00.000-0500,2043.921,2,2024
2024-02-03T21:00:00.000-0500,1996.703,2,2024
2024-02-03T22:00:00.000-0500,1928.706,2,2024
2024-02-03T23:00:00.000-0500,1837.351,2,2024
2024-02-04T00:00:00.000-0500,1744.921,2,2024
2024-02-04T01:00:00.000-0500,1682.654,2,2024
2024-02-04T02:00:00.000-0500,1644.42,2,2024
2024-02-04T03:00:00.000-0500,1623.202,2,2024
2024-02-04T04:00:00.000-0500,1620.507,2,2024
2024-02-04T05:00:00.000-0500,1636.809,2,2024
2024-02-04T06:00:00.000-0500,1684.782,2,2024
2024-02-04T07:00:00.000-0500,1752.468,2,2024
2024-02-04T08:00:00.000-0500,1811.986,2,2024
2024-02-04T09:00:00.000-0500,1787.932,2,2024
2024-02-04T10:00:00.000-0500,1717.391,2,2024
2024-02-04T11:00:00.000-0500,1652.829,2,2024
2024-02-04T12:00:00.000-0500,1610.451,2,2024
2024-02-04T13:00:00.000-0500,1593.568,2,2024
2024-02-04T14:00:00.000-0500,1577.943,2,2024
2024-02-04T15:00:00.000-0500,1638.103,2,2024
2024-02-04T16:00:00.000-0500,1774.696,2,2024
2024-02-04T17:00:00.000-0500,1960.711,2,2024
2024-02-04T18:00:00.000-0500,2126.98,2,2024
2024-02-04T19:00:00.000-0500,2150.7,2,2024
2024-02-04T20:00:00.000-0500,2111.43,2,2024
2024-02-04T21:00:00.000-0500,2030.908,2,2024
2024-02-04T22:00:00.000-0500,1940.689,2,2024
2024-02-04T23:00:00.000-0500,1820.506,2,2024
2024-02-05T00:00:00.000-0500,1716.456,2,2024
2024-02-05T01:00:00.000-0500,1658.052,2,2024
2024-02-05T02:00:00.000-0500,1631.422,2,2024
2024-02-05T03:00:00.000-0500,1615.298,2,2024
2024-02-05T04:00:00.000-0500,1633.837,2,2024
2024-02-05T05:00:00.000-0500,1684.999,2,2024
2024-02-05T06:00:00.000-0500,1829.853,2,2024
2024-02-05T07:00:00.000-0500,2041.787,2,2024
2024-02-05T08:00:00.000-0500,2147.108,2,2024
2024-02-05T09:00:00.000-0500,2054.842,2,2024
2024-02-05T10:00:00.000-0500,1908.038,2,2024
2024-02-05T11:00:00.000-0500,1803.446,2,2024
2024-02-05T12:00:00.000-0500,1742.971,2,2024
2024-02-05T13:00:00.000-0500,1714.762,2,2024
2024-02-05T14:00:00.000-0500,1722.394,2,2024
2024-02-05T15:00:00.000-0500,1775.22,2,2024
2024-02-05T16:00:00.000-0500,1906.811,2,2024
2024-02-05T17:00:00.000-0500,2105.154,2,2024
2024-02-05T18:00:00.000-0500,2258.39,2,2024
2024-02-05T19:00:00.000-0500,2268.794,2,2024
2024-02-05T20:00:00.000-0500,2231.64,2,2024
2024-02-05T21:00:00.000-0500,2157.998,2,2024
2024-02-05T22:00:00.000-0500,2049.173,2,2024
2024-02-05T23:00:00.000-0500,1915.654,2,2024
2024-02-06T00:00:00.000-0500,1795.043,2,2024
2024-02-06T01:00:00.000-0500,1735.453,2,2024
2024-02-06T02:00:00.000-0500,1688.658,2,2024
2024-02-06T03:00:00.000-0500,1675.019,2,2024
2024-02-06T04:00:00.000-0500,1685.39,2,2024
2024-02-06T05:00:00.000-0500,1737.454,2,2024
2024-02-06T06:00:00.000-0500,1863.382,2,2024
2024-02-06T07:00:00.000-0500,2082.195,2,2024
2024-02-06T08:00:00.000-0500,2176.37,2,2024
2024-02-06T09:00:00.000-0500,2074.743,2,2024
2024-02-06T10:00:00.000-0500,1919.09,2,2024
2024-02-06T11:00:00.000-0500,1802.711,2,2024
2024-02-06T12:00:00.000-0500,1737.914,2,2024
2024-02-06T13:00:00.000-0500,1708.782,2,2024
2024-02-06T14:00:00.000-0500,1726.492,2,2024
2024-02-06T15:00:00.000-0500,1769.013,2,2024
2024-02-06T16:00:00.000-0500,1895.681,2,2024
2024-02-06T17:00:00.000-0500,2080.228,2,2024
2024-02-06T18:00:00.000-0500,2226.032,2,2024
2024-02-06T19:00:00.000-0500,2251.64,2,2024
2024-02-06T20:00:00.000-0500,2227.193,2,2024
2024-02-06T21:00:00.000-0500,2145.107,2,2024
2024-02-06T22:00:00.000-0500,2046.073,2,2024
2024-02-06T23:00:00.000-0500,1908.689,2,2024
2024-02-07T00:00:00.000-0500,1803.881,2,2024
2024-02-07T01:00:00.000-0500,1723.965,2,2024
2024-02-07T02:00:00.000-0500,1690.96,2,2024
2024-02-07T03:00:00.000-0500,1677.145,2,2024
2024-02-07T04:00:00.000-0500,1686.448,2,2024
2024-02-07T05:00:00.000-0500,1732.998,2,2024
2024-02-07T06:00:00.000-0500,1872.772,2,2024
2024-02-07T07:00:00.000-0500,2071.755,2,2024
2024-02-07T08:00:00.000-0500,2167.14,2,2024
2024-02-07T09:00:00.000-0500,2059.498,2,2024
2024-02-07T10:00:00.000-0500,1886.879,2,2024
2024-02-07T11:00:00.000-0500,1767.367,2,2024
2024-02-07T12:00:00.000-0500,1695.75,2,2024
2024-02-07T13:00:00.000-0500,1673.619,2,2024
2024-02-07T14:00:00.000-0500,1688.221,2,2024
2024-02-07T15:00:00.000-0500,1788.465,2,2024
2024-02-07T16:00:00.000-0500,1916.418,2,2024
2024-02-07T17:00:00.000-0500,2048.66,2,2024
2024-02-07T18:00:00.000-0500,2199.948,2,2024
2024-02-07T19:00:00.000-0500,2211.302,2,2024
2024-02-07T20:00:00.000-0500,2159.686,2,2024
2024-02-07T21:00:00.000-0500,2086.136,2,2024
2024-02-07T22:00:00.000-0500,1983.217,2,2024
2024-02-07T23:00:00.000-0500,1847.074,2,2024
2024-02-08T00:00:00.000-0500,1734.587,2,2024
2024-02-08T01:00:00.000-0500,1672.859,2,2024
2024-02-08T02:00:00.000-0500,1631.695,2,2024
2024-02-08T03:00:00.000-0500,1621.608,2,2024
2024-02-08T04:00:00.000-0500,1634.736,2,2024
2024-02-08T05:00:00.000-0500,1688.235,2,2024
2024-02-08T06:00:00.000-0500,1824.571,2,2024
2024-02-08T07:00:00.000-0500,2029.514,2,2024
2024-02-08T08:00:00.000-0500,2119.449,2,2024
2024-02-08T09:00:00.000-0500,2012.335,2,2024
2024-02-08T10:00:00.000-0500,1862.158,2,2024
2024-02-08T11:00:00.000-0500,1732.585,2,2024
2024-02-08T12:00:00.000-0500,1647.608,2,2024
2024-02-08T13:00:00.000-0500,1601.669,2,2024
2024-02-08T14:00:00.000-0500,1605.184,2,2024
2024-02-08T15:00:00.000-0500,1652.454,2,2024
2024-02-08T16:00:00.000-0500,1790.001,2,2024
2024-02-08T17:00:00.000-0500,1969.081,2,2024
2024-02-08T18:00:00.000-0500,2125.759,2,2024
2024-02-08T19:00:00.000-0500,2151.905,2,2024
2024-02-08T20:00:00.000-0500,2100.486,2,2024
2024-02-08T21:00:00.000-0500,2046.152,2,2024
2024-02-08T22:00:00.000-0500,1944.136,2,2024
2024-02-08T23:00:00.000-0500,1814.119,2,2024
2024-02-09T00:00:00.000-0500,1701.823,2,2024
2024-02-09T01:00:00.000-0500,1634.299,2,2024
2024-02-09T02:00:00.000-0500,1592.09,2,2024
2024-02-09T03:00:00.000-0500,1573.519,2,2024
2024-02-09T04:00:00.000-0500,1579.061,2,2024
2024-02-09T05:00:00.000-0500,1620.925,2,2024
2024-02-09T06:00:00.000-0500,1739.204,2,2024
2024-02-09T07:00:00.000-0500,1925.567,2,2024
2024-02-09T08:00:00.000-0500,2038.358,2,2024
2024-02-09T09:00:00.000-0500,2066.978,2,2024
2024-02-09T10:00:00.000-0500,2050.221,2,2024
2024-02-09T11:00:00.000-0500,1979.209,2,2024
2024-02-09T12:00:00.000-0500,1792.661,2,2024
2024-02-09T13:00:00.000-0500,1616.612,2,2024
2024-02-09T14:00:00.000-0500,1608.631,2,2024
2024-02-09T15:00:00.000-0500,1668.26,2,2024
2024-02-09T16:00:00.000-0500,1738.697,2,2024
2024-02-09T17:00:00.000-0500,1911.65,2,2024
2024-02-09T18:00:00.000-0500,2041.063,2,2024
2024-02-09T19:00:00.000-0500,2043.171,2,2024
2024-02-09T20:00:00.000-0500,1982.154,2,2024
2024-02-09T21:00:00.000-0500,1924.804,2,2024
2024-02-09T22:00:00.000-0500,1841.803,2,2024
2024-02-09T23:00:00.000-0500,1737.945,2,2024
2024-02-10T00:00:00.000-0500,1639.158,2,2024
2024-02-10T01:00:00.000-0500,1562.344,2,2024
2024-02-10T02:00:00.000-0500,1510.622,2,2024
2024-02-10T03:00:00.000-0500,1485.548,2,2024
2024-02-10T04:00:00.000-0500,1482.167,2,2024
2024-02-10T05:00:00.000-0500,1500.735,2,2024
2024-02-10T06:00:00.000-0500,1552.662,2,2024
2024-02-10T07:00:00.000-0500,1631.948,2,2024
2024-02-10T08:00:00.000-0500,1687.655,2,2024
2024-02-10T09:00:00.000-0500,1686.351,2,2024
2024-02-10T10:00:00.000-0500,1684.798,2,2024
2024-02-10T11:00:00.000-0500,1654.638,2,2024
2024-02-10T12:00:00.000-0500,1581.24,2,2024
2024-02-10T13:00:00.000-0500,1595.248,2,2024
2024-02-10T14:00:00.000-0500,1542.588,2,2024
2024-02-10T15:00:00.000-0500,1507.361,2,2024
2024-02-10T16:00:00.000-0500,1590.1,2,2024
2024-02-10T17:00:00.000-0500,1728.741,2,2024
2024-02-10T18:00:00.000-0500,1870.787,2,2024
2024-02-10T19:00:00.000-0500,1877.688,2,2024
2024-02-10T20:00:00.000-0500,1816.338,2,2024
2024-02-10T21:00:00.000-0500,1759.973,2,2024
2024-02-10T22:00:00.000-0500,1689.866,2,2024
2024-02-10T23:00:00.000-0500,1600.57,2,2024
2024-02-11T00:00:00.000-0500,1510.056,2,2024
2024-02-11T01:00:00.000-0500,1440.525,2,2024
2024-02-11T02:00:00.000-0500,1402.853,2,2024
2024-02-11T03:00:00.000-0500,1378.959,2,2024
2024-02-11T04:00:00.000-0500,1375.423,2,2024
2024-02-11T05:00:00.000-0500,1385.673,2,2024
2024-02-11T06:00:00.000-0500,1433.119,2,2024
2024-02-11T07:00:00.000-0500,1498.106,2,2024
2024-02-11T08:00:00.000-0500,1555.767,2,2024
2024-02-11T09:00:00.000-0500,1620.831,2,2024
2024-02-11T10:00:00.000-0500,1663.682,2,2024
2024-02-11T11:00:00.000-0500,1693.477,2,2024
2024-02-11T12:00:00.000-0500,1669.322,2,2024
2024-02-11T13:00:00.000-0500,1722.111,2,2024
2024-02-11T14:00:00.000-0500,1713.556,2,2024
2024-02-11T15:00:00.000-0500,1691.639,2,2024
2024-02-11T16:00:00.000-0500,1724.223,2,2024
2024-02-11T17:00:00.000-0500,1868.987,2,2024
2024-02-11T18:00:00.000-0500,2038.102,2,2024
2024-02-11T19:00:00.000-0500,2017.288,2,2024
2024-02-11T20:00:00.000-0500,1913.712,2,2024
2024-02-11T21:00:00.000-0500,1849.852,2,2024
2024-02-11T22:00:00.000-0500,1789.385,2,2024
2024-02-11T23:00:00.000-0500,1700.522,2,2024
2024-02-12T00:00:00.000-0500,1631.97,2,2024
2024-02-12T01:00:00.000-0500,1557.002,2,2024
2024-02-12T02:00:00.000-0500,1504.874,2,2024
2024-02-12T03:00:00.000-0500,1487.792,2,2024
2024-02-12T04:00:00.000-0500,1510.697,2,2024
2024-02-12T05:00:00.000-0500,1572.863,2,2024
2024-02-12T06:00:00.000-0500,1708.748,2,2024
2024-02-12T07:00:00.000-0500,1914.938,2,2024
2024-02-12T08:00:00.000-0500,2023.691,2,2024
2024-02-12T09:00:00.000-0500,1941.265,2,2024
2024-02-12T10:00:00.000-0500,1787.48,2,2024
2024-02-12T11:00:00.000-0500,1728.7,2,2024
2024-02-12T12:00:00.000-0500,1658.054,2,2024
2024-02-12T13:00:00.000-0500,1617.981,2,2024
2024-02-12T14:00:00.000-0500,1646.744,2,2024
2024-02-12T15:00:00.000-0500,1749.657,2,2024
2024-02-12T16:00:00.000-0500,1837.117,2,2024
2024-02-12T17:00:00.000-0500,1973.197,2,2024
2024-02-12T18:00:00.000-0500,2119.638,2,2024
2024-02-12T19:00:00.000-0500,2150.757,2,2024
2024-02-12T20:00:00.000-0500,2094.757,2,2024
2024-02-12T21:00:00.000-0500,2008.676,2,2024
2024-02-12T22:00:00.000-0500,1912.457,2,2024
2024-02-12T23:00:00.000-0500,1785.187,2,2024
2024-02-13T00:00:00.000-0500,1676.292,2,2024
2024-02-13T01:00:00.000-0500,1611.986,2,2024
2024-02-13T02:00:00.000-0500,1571.381,2,2024
2024-02-13T03:00:00.000-0500,1548.609,2,2024
2024-02-13T04:00:00.000-0500,1554.727,2,2024
2024-02-13T05:00:00.000-0500,1585.005,2,2024
2024-02-13T06:00:00.000-0500,1679.1,2,2024
2024-02-13T07:00:00.000-0500,1820.241,2,2024
2024-02-13T08:00:00.000-0500,1940.997,2,2024
2024-02-13T09:00:00.000-0500,2041.167,2,2024
2024-02-13T10:00:00.000-0500,2122.665,2,2024
2024-02-13T11:00:00.000-0500,2184.313,2,2024
2024-02-13T12:00:00.000-0500,2212.563,2,2024
2024-02-13T13:00:00.000-0500,2222.166,2,2024
2024-02-13T14:00:00.000-0500,2204.841,2,2024
2024-02-13T15:00:00.000-0500,2168.818,2,2024
2024-02-13T16:00:00.000-0500,2153.717,2,2024
2024-02-13T17:00:00.000-0500,2181.904,2,2024
2024-02-13T18:00:00.000-0500,2261.753,2,2024
2024-02-13T19:00:00.000-0500,2267.164,2,2024
2024-02-13T20:00:00.000-0500,2206.461,2,2024
2024-02-13T21:00:00.000-0500,2122.752,2,2024
2024-02-13T22:00:00.000-0500,2014.186,2,2024
2024-02-13T23:00:00.000-0500,1878.527,2,2024
2024-02-14T00:00:00.000-0500,1764.987,2,2024
2024-02-14T01:00:00.000-0500,1695.647,2,2024
2024-02-14T02:00:00.000-0500,1654.216,2,2024
2024-02-14T03:00:00.000-0500,1641.205,2,2024
2024-02-14T04:00:00.000-0500,1648.338,2,2024
2024-02-14T05:00:00.000-0500,1702.708,2,2024
2024-02-14T06:00:00.000-0500,1842.772,2,2024
2024-02-14T07:00:00.000-0500,2052.431,2,2024
2024-02-14T08:00:00.000-0500,2149.006,2,2024
2024-02-14T09:00:00.000-0500,2109.242,2,2024
2024-02-14T10:00:00.000-0500,2022.786,2,2024
2024-02-14T11:00:00.000-0500,1934.198,2,2024
2024-02-14T12:00:00.000-0500,1873.475,2,2024
2024-02-14T13:00:00.000-0500,1833.865,2,2024
2024-02-14T14:00:00.000-0500,1834.691,2,2024
2024-02-14T15:00:00.000-0500,1871.703,2,2024
2024-02-14T16:00:00.000-0500,1980.3,2,2024
2024-02-14T17:00:00.000-0500,2149.188,2,2024
2024-02-14T18:00:00.000-0500,2293.036,2,2024
2024-02-14T19:00:00.000-0500,2324.268,2,2024
2024-02-14T20:00:00.000-0500,2298.332,2,2024
2024-02-14T21:00:00.000-0500,2229.55,2,2024
2024-02-14T22:00:00.000-0500,2140.364,2,2024
2024-02-14T23:00:00.000-0500,2004.31,2,2024
2024-02-15T00:00:00.000-0500,1889.082,2,2024
2024-02-15T01:00:00.000-0500,1812.182,2,2024
2024-02-15T02:00:00.000-0500,1770.799,2,2024
2024-02-15T03:00:00.000-0500,1751.921,2,2024
2024-02-15T04:00:00.000-0500,1759.647,2,2024
2024-02-15T05:00:00.000-0500,1814.011,2,2024
2024-02-15T06:00:00.000-0500,1937.353,2,2024
2024-02-15T07:00:00.000-0500,2131.846,2,2024
2024-02-15T08:00:00.000-0500,2204.98,2,2024
2024-02-15T09:00:00.000-0500,2099.506,2,2024
2024-02-15T10:00:00.000-0500,1963.611,2,2024
2024-02-15T11:00:00.000-0500,1856.301,2,2024
2024-02-15T12:00:00.000-0500,1785.563,2,2024
2024-02-15T13:00:00.000-0500,1777.392,2,2024
2024-02-15T14:00:00.000-0500,1809.133,2,2024
2024-02-15T15:00:00.000-0500,1832.423,2,2024
2024-02-15T16:00:00.000-0500,1999.484,2,2024
2024-02-15T17:00:00.000-0500,2128.73,2,2024
2024-02-15T18:00:00.000-0500,2243.224,2,2024
2024-02-15T19:00:00.000-0500,2251.966,2,2024
2024-02-15T20:00:00.000-0500,2214.484,2,2024
2024-02-15T21:00:00.000-0500,2148.703,2,2024
2024-02-15T22:00:00.000-0500,2056.918,2,2024
2024-02-15T23:00:00.000-0500,1913.689,2,2024
2024-02-16T00:00:00.000-0500,1787.757,2,2024
2024-02-16T01:00:00.000-0500,1713.293,2,2024
2024-02-16T02:00:00.000-0500,1660.469,2,2024
2024-02-16T03:00:00.000-0500,1637.842,2,2024
2024-02-16T04:00:00.000-0500,1640.628,2,2024
2024-02-16T05:00:00.000-0500,1687.3,2,2024
2024-02-16T06:00:00.000-0500,1812.113,2,2024
2024-02-16T07:00:00.000-0500,1995.337,2,2024
2024-02-16T08:00:00.000-0500,2093.007,2,2024
2024-02-16T09:00:00.000-0500,2069.014,2,2024
2024-02-16T10:00:00.000-0500,1986.683,2,2024
2024-02-16T11:00:00.000-0500,1872.135,2,2024
2024-02-16T12:00:00.000-0500,1822.978,2,2024
2024-02-16T13:00:00.000-0500,1788.365,2,2024
2024-02-16T14:00:00.000-0500,1804.658,2,2024
2024-02-16T15:00:00.000-0500,1835.105,2,2024
2024-02-16T16:00:00.000-0500,1897.911,2,2024
2024-02-16T17:00:00.000-0500,2061.705,2,2024
2024-02-16T18:00:00.000-0500,2192.719,2,2024
2024-02-16T19:00:00.000-0500,2208.471,2,2024
2024-02-16T20:00:00.000-0500,2155.683,2,2024
2024-02-16T21:00:00.000-0500,2097.452,2,2024
2024-02-16T22:00:00.000-0500,2010.656,2,2024
2024-02-16T23:00:00.000-0500,1898.736,2,2024
2024-02-17T00:00:00.000-0500,1782.047,2,2024
2024-02-17T01:00:00.000-0500,1702.794,2,2024
2024-02-17T02:00:00.000-0500,1652.014,2,2024
2024-02-17T03:00:00.000-0500,1621.424,2,2024
2024-02-17T04:00:00.000-0500,1608.704,2,2024
2024-02-17T05:00:00.000-0500,1630.783,2,2024
2024-02-17T06:00:00.000-0500,1675.874,2,2024
2024-02-17T07:00:00.000-0500,1757.172,2,2024
2024-02-17T08:00:00.000-0500,1837.964,2,2024
2024-02-17T09:00:00.000-0500,1933.756,2,2024
2024-02-17T10:00:00.000-0500,1986.465,2,2024
2024-02-17T11:00:00.000-0500,1910.755,2,2024
2024-02-17T12:00:00.000-0500,1831.825,2,2024
2024-02-17T13:00:00.000-0500,1891.724,2,2024
2024-02-17T14:00:00.000-0500,1880.547,2,2024
2024-02-17T15:00:00.000-0500,1899.991,2,2024
2024-02-17T16:00:00.000-0500,1901.963,2,2024
2024-02-17T17:00:00.000-0500,1981.9,2,2024
2024-02-17T18:00:00.000-0500,2112.309,2,2024
2024-02-17T19:00:00.000-0500,2155.987,2,2024
2024-02-17T20:00:00.000-0500,2114.737,2,2024
2024-02-17T21:00:00.000-0500,2063.356,2,2024
2024-02-17T22:00:00.000-0500,1998.007,2,2024
2024-02-17T23:00:00.000-0500,1895.37,2,2024
2024-02-18T00:00:00.000-0500,1808.832,2,2024
2024-02-18T01:00:00.000-0500,1745.109,2,2024
2024-02-18T02:00:00.000-0500,1700.42,2,2024
2024-02-18T03:00:00.000-0500,1681.337,2,2024
2024-02-18T04:00:00.000-0500,1680.44,2,2024
2024-02-18T05:00:00.000-0500,1693.757,2,2024
2024-02-18T06:00:00.000-0500,1742.176,2,2024
2024-02-18T07:00:00.000-0500,1805.462,2,2024
2024-02-18T08:00:00.000-0500,1852.487,2,2024
2024-02-18T09:00:00.000-0500,1884.123,2,2024
2024-02-18T10:00:00.000-0500,1873.146,2,2024
2024-02-18T11:00:00.000-0500,1742.132,2,2024
2024-02-18T12:00:00.000-0500,1664.138,2,2024
2024-02-18T13:00:00.000-0500,1638.339,2,2024
2024-02-18T14:00:00.000-0500,1651.599,2,2024
2024-02-18T15:00:00.000-0500,1746.354,2,2024
2024-02-18T16:00:00.000-0500,1916.834,2,2024
2024-02-18T17:00:00.000-0500,2030.111,2,2024
2024-02-18T18:00:00.000-0500,2142.174,2,2024
2024-02-18T19:00:00.000-0500,2146.256,2,2024
2024-02-18T20:00:00.000-0500,2083.76,2,2024
2024-02-18T21:00:00.000-0500,2011.179,2,2024
2024-02-18T22:00:00.000-0500,1917.89,2,2024
2024-02-18T23:00:00.000-0500,1821.584,2,2024
2024-02-19T00:00:00.000-0500,1726.862,2,2024
2024-02-19T01:00:00.000-0500,1659.038,2,2024
2024-02-19T02:00:00.000-0500,1624.974,2,2024
2024-02-19T03:00:00.000-0500,1606.414,2,2024
2024-02-19T04:00:00.000-0500,1614.078,2,2024
2024-02-19T05:00:00.000-0500,1653.698,2,2024
2024-02-19T06:00:00.000-0500,1753.144,2,2024
2024-02-19T07:00:00.000-0500,1874.335,2,2024
2024-02-19T08:00:00.000-0500,1918.093,2,2024
2024-02-19T09:00:00.000-0500,1850.313,2,2024
2024-02-19T10:00:00.000-0500,1759.569,2,2024
2024-02-19T11:00:00.000-0500,1690.701,2,2024
2024-02-19T12:00:00.000-0500,1647.923,2,2024
2024-02-19T13:00:00.000-0500,1635.67,2,2024
2024-02-19T14:00:00.000-0500,1639.804,2,2024
2024-02-19T15:00:00.000-0500,1689.052,2,2024
2024-02-19T16:00:00.000-0500,1827.189,2,2024
2024-02-19T17:00:00.000-0500,2017.75,2,2024
2024-02-19T18:00:00.000-0500,2209.893,2,2024
2024-02-19T19:00:00.000-0500,2245.829,2,2024
2024-02-19T20:00:00.000-0500,2198.225,2,2024
2024-02-19T21:00:00.000-0500,2140.541,2,2024
2024-02-19T22:00:00.000-0500,2040.134,2,2024
2024-02-19T23:00:00.000-0500,1920.242,2,2024
2024-02-20T00:00:00.000-0500,1824.519,2,2024
2024-02-20T01:00:00.000-0500,1769.829,2,2024
2024-02-20T02:00:00.000-0500,1737.47,2,2024
2024-02-20T03:00:00.000-0500,1729.17,2,2024
2024-02-20T04:00:00.000-0500,1745.769,2,2024
2024-02-20T05:00:00.000-0500,1798.34,2,2024
2024-02-20T06:00:00.000-0500,1918.712,2,2024
2024-02-20T07:00:00.000-0500,2088.848,2,2024
2024-02-20T08:00:00.000-0500,2150.557,2,2024
2024-02-20T09:00:00.000-0500,2041.967,2,2024
2024-02-20T10:00:00.000-0500,1889.631,2,2024
2024-02-20T11:00:00.000-0500,1786.419,2,2024
2024-02-20T12:00:00.000-0500,1718.134,2,2024
2024-02-20T13:00:00.000-0500,1685.561,2,2024
2024-02-20T14:00:00.000-0500,1687.081,2,2024
2024-02-20T15:00:00.000-0500,1731.392,2,2024
2024-02-20T16:00:00.000-0500,1841.388,2,2024
2024-02-20T17:00:00.000-0500,2013.624,2,2024
2024-02-20T18:00:00.000-0500,2188.944,2,2024
2024-02-20T19:00:00.000-0500,2222.121,2,2024
2024-02-20T20:00:00.000-0500,2208.616,2,2024
2024-02-20T21:00:00.000-0500,2137.249,2,2024
2024-02-20T22:00:00.000-0500,2049.815,2,2024
2024-02-20T23:00:00.000-0500,1930.027,2,2024
2024-02-21T00:00:00.000-0500,1826.685,2,2024
2024-02-21T01:00:00.000-0500,1759.008,2,2024
2024-02-21T02:00:00.000-0500,1731.226,2,2024
2024-02-21T03:00:00.000-0500,1717.441,2,2024
2024-02-21T04:00:00.000-0500,1731.389,2,2024
2024-02-21T05:00:00.000-0500,1781.821,2,2024
2024-02-21T06:00:00.000-0500,1912.514,2,2024
2024-02-21T07:00:00.000-0500,2069.61,2,2024
2024-02-21T08:00:00.000-0500,2128.884,2,2024
2024-02-21T09:00:00.000-0500,2022.281,2,2024
2024-02-21T10:00:00.000-0500,1877.658,2,2024
2024-02-21T11:00:00.000-0500,1770.406,2,2024
2024-02-21T12:00:00.000-0500,1700.245,2,2024
2024-02-21T13:00:00.000-0500,1653.176,2,2024
2024-02-21T14:00:00.000-0500,1667.061,2,2024
2024-02-21T15:00:00.000-0500,1705.277,2,2024
2024-02-21T16:00:00.000-0500,1812.216,2,2024
2024-02-21T17:00:00.000-0500,1989.282,2,2024
2024-02-21T18:00:00.000-0500,2162.399,2,2024
2024-02-21T19:00:00.000-0500,2216.065,2,2024
2024-02-21T20:00:00.000-0500,2169.978,2,2024
2024-02-21T21:00:00.000-0500,2103.397,2,2024
2024-02-21T22:00:00.000-0500,2008.864,2,2024
2024-02-21T23:00:00.000-0500,1882.762,2,2024
2024-02-22T00:00:00.000-0500,1778.2,2,2024
2024-02-22T01:00:00.000-0500,1711.753,2,2024
2024-02-22T02:00:00.000-0500,1680.189,2,2024
2024-02-22T03:00:00.000-0500,1671.043,2,2024
2024-02-22T04:00:00.000-0500,1678.719,2,2024
2024-02-22T05:00:00.000-0500,1727.395,2,2024
2024-02-22T06:00:00.000-0500,1851.431,2,2024
2024-02-22T07:00:00.000-0500,2006.833,2,2024
2024-02-22T08:00:00.000-0500,2073.154,2,2024
2024-02-22T09:00:00.000-0500,2037.018,2,2024
2024-02-22T10:00:00.000-0500,1971.899,2,2024
2024-02-22T11:00:00.000-0500,1899.833,2,2024
2024-02-22T12:00:00.000-0500,1850.286,2,2024
2024-02-22T13:00:00.000-0500,1791.305,2,2024
2024-02-22T14:00:00.000-0500,1770.383,2,2024
2024-02-22T15:00:00.000-0500,1806.199,2,2024
2024-02-22T16:00:00.000-0500,1930.751,2,2024
2024-02-22T17:00:00.000-0500,2048.819,2,2024
2024-02-22T18:00:00.000-0500,2151.059,2,2024
2024-02-22T19:00:00.000-0500,2176.645,2,2024
2024-02-22T20:00:00.000-0500,2112.56,2,2024
2024-02-22T21:00:00.000-0500,2039.086,2,2024
2024-02-22T22:00:00.000-0500,1946.446,2,2024
2024-02-22T23:00:00.000-0500,1823.934,2,2024
2024-02-23T00:00:00.000-0500,1711.212,2,2024
2024-02-23T01:00:00.000-0500,1639.583,2,2024
2024-02-23T02:00:00.000-0500,1587.199,2,2024
2024-02-23T03:00:00.000-0500,1564.245,2,2024
2024-02-23T04:00:00.000-0500,1563.193,2,2024
2024-02-23T05:00:00.000-0500,1601.244,2,2024
2024-02-23T06:00:00.000-0500,1700.165,2,2024
2024-02-23T07:00:00.000-0500,1847.191,2,2024
2024-02-23T08:00:00.000-0500,1959.914,2,2024
2024-02-23T09:00:00.000-0500,2047.942,2,2024
2024-02-23T10:00:00.000-0500,2093.045,2,2024
2024-02-23T11:00:00.000-0500,2105.288,2,2024
2024-02-23T12:00:00.000-0500,2053.553,2,2024
2024-02-23T13:00:00.000-0500,1963.877,2,2024
2024-02-23T14:00:00.000-0500,1885.748,2,2024
2024-02-23T15:00:00.000-0500,1872.054,2,2024
2024-02-23T16:00:00.000-0500,1910.782,2,2024
2024-02-23T17:00:00.000-0500,1980.399,2,2024
2024-02-23T18:00:00.000-0500,2072.633,2,2024
2024-02-23T19:00:00.000-0500,2077.868,2,2024
2024-02-23T20:00:00.000-0500,2011.151,2,2024
2024-02-23T21:00:00.000-0500,1950.92,2,2024
2024-02-23T22:00:00.000-0500,1857.182,2,2024
2024-02-23T23:00:00.000-0500,1751.132,2,2024
2024-02-24T00:00:00.000-0500,1656.769,2,2024
2024-02-24T01:00:00.000-0500,1586.087,2,2024
2024-02-24T02:00:00.000-0500,1542.391,2,2024
2024-02-24T03:00:00.000-0500,1514.686,2,2024
2024-02-24T04:00:00.000-0500,1507.891,2,2024
2024-02-24T05:00:00.000-0500,1524.843,2,2024
2024-02-24T06:00:00.000-0500,1582.613,2,2024
2024-02-24T07:00:00.000-0500,1655.293,2,2024
2024-02-24T08:00:00.000-0500,1718.986,2,2024
2024-02-24T09:00:00.000-0500,1768.259,2,2024
2024-02-24T10:00:00.000-0500,1814.045,2,2024
2024-02-24T11:00:00.000-0500,1739.683,2,2024
2024-02-24T12:00:00.000-0500,1578.241,2,2024
2024-02-24T13:00:00.000-0500,1480.262,2,2024
2024-02-24T14:00:00.000-0500,1455.26,2,2024
2024-02-24T15:00:00.000-0500,1507.136,2,2024
2024-02-24T16:00:00.000-0500,1638.424,2,2024
2024-02-24T17:00:00.000-0500,1832.946,2,2024
2024-02-24T18:00:00.000-0500,2032.474,2,2024
2024-02-24T19:00:00.000-0500,2101.736,2,2024
2024-02-24T20:00:00.000-0500,2064.107,2,2024
2024-02-24T21:00:00.000-0500,2033.624,2,2024
2024-02-24T22:00:00.000-0500,1970.937,2,2024
2024-02-24T23:00:00.000-0500,1885.581,2,2024
2024-02-25T00:00:00.000-0500,1801.488,2,2024
2024-02-25T01:00:00.000-0500,1744.983,2,2024
2024-02-25T02:00:00.000-0500,1709.486,2,2024
2024-02-25T03:00:00.000-0500,1697.56,2,2024
2024-02-25T04:00:00.000-0500,1698.669,2,2024
2024-02-25T05:00:00.000-0500,1717.363,2,2024
2024-02-25T06:00:00.000-0500,1763.436,2,2024
2024-02-25T07:00:00.000-0500,1822.689,2,2024
2024-02-25T08:00:00.000-0500,1815.961,2,2024
2024-02-25T09:00:00.000-0500,1729.984,2,2024
2024-02-25T10:00:00.000-0500,1640.654,2,2024
2024-02-25T11:00:00.000-0500,1571.645,2,2024
2024-02-25T12:00:00.000-0500,1528.585,2,2024
2024-02-25T13:00:00.000-0500,1523.985,2,2024
2024-02-25T14:00:00.000-0500,1525.932,2,2024
2024-02-25T15:00:00.000-0500,1586.685,2,2024
2024-02-25T16:00:00.000-0500,1698.348,2,2024
2024-02-25T17:00:00.000-0500,1902.527,2,2024
2024-02-25T18:00:00.000-0500,2083.413,2,2024
2024-02-25T19:00:00.000-0500,2153.933,2,2024
2024-02-25T20:00:00.000-0500,2111.782,2,2024
2024-02-25T21:00:00.000-0500,2035.41,2,2024
2024-02-25T22:00:00.000-0500,1944.833,2,2024
2024-02-25T23:00:00.000-0500,1820.951,2,2024
2024-02-26T00:00:00.000-0500,1718.678,2,2024
2024-02-26T01:00:00.000-0500,1640.568,2,2024
2024-02-26T02:00:00.000-0500,1604.926,2,2024
2024-02-26T03:00:00.000-0500,1585.008,2,2024
2024-02-26T04:00:00.000-0500,1591.464,2,2024
2024-02-26T05:00:00.000-0500,1635.408,2,2024
2024-02-26T06:00:00.000-0500,1765.316,2,2024
2024-02-26T07:00:00.000-0500,1956.686,2,2024
2024-02-26T08:00:00.000-0500,2026.978,2,2024
2024-02-26T09:00:00.000-0500,2017.532,2,2024
2024-02-26T10:00:00.000-0500,1825.265,2,2024
2024-02-26T11:00:00.000-0500,1669.927,2,2024
2024-02-26T12:00:00.000-0500,1586.755,2,2024
2024-02-26T13:00:00.000-0500,1543.535,2,2024
2024-02-26T14:00:00.000-0500,1542.214,2,2024
2024-02-26T15:00:00.000-0500,1590.506,2,2024
2024-02-26T16:00:00.000-0500,1694.608,2,2024
2024-02-26T17:00:00.000-0500,1859.175,2,2024
2024-02-26T18:00:00.000-0500,2034.08,2,2024
2024-02-26T19:00:00.000-0500,2098.24,2,2024
2024-02-26T20:00:00.000-0500,2041.626,2,2024
2024-02-26T21:00:00.000-0500,1974.826,2,2024
2024-02-26T22:00:00.000-0500,1868.177,2,2024
2024-02-26T23:00:00.000-0500,1742.963,2,2024
2024-02-27T00:00:00.000-0500,1640.671,2,2024
2024-02-27T01:00:00.000-0500,1580.423,2,2024
2024-02-27T02:00:00.000-0500,1545.226,2,2024
2024-02-27T03:00:00.000-0500,1537.273,2,2024
2024-02-27T04:00:00.000-0500,1549.997,2,2024
2024-02-27T05:00:00.000-0500,1602.727,2,2024
2024-02-27T06:00:00.000-0500,1740.064,2,2024
2024-02-27T07:00:00.000-0500,1931.521,2,2024
2024-02-27T08:00:00.000-0500,1965.147,2,2024
2024-02-27T09:00:00.000-0500,1830.534,2,2024
2024-02-27T10:00:00.000-0500,1681.689,2,2024
2024-02-27T11:00:00.000-0500,1572.403,2,2024
2024-02-27T12:00:00.000-0500,1514.941,2,2024
2024-02-27T13:00:00.000-0500,1486.39,2,2024
2024-02-27T14:00:00.000-0500,1513.435,2,2024
2024-02-27T15:00:00.000-0500,1575.306,2,2024
2024-02-27T16:00:00.000-0500,1696.908,2,2024
2024-02-27T17:00:00.000-0500,1836.862,2,2024
2024-02-27T18:00:00.000-0500,1980.477,2,2024
2024-02-27T19:00:00.000-0500,2026.521,2,2024
2024-02-27T20:00:00.000-0500,1976.688,2,2024
2024-02-27T21:00:00.000-0500,1893.467,2,2024
2024-02-27T22:00:00.000-0500,1788.19,2,2024
2024-02-27T23:00:00.000-0500,1648.026,2,2024
2024-02-28T00:00:00.000-0500,1529.382,2,2024
